{
  "custom": {},
  "params": {},
  "props": {},
  "root": {
    "children": [
      {
        "children": [
          {
            "meta": {
              "name": "Label"
            },
            "position": {
              "basis": "32px"
            },
            "props": {
              "style": {
                "fontWeight": "bold",
                "textAlign": "center"
              },
              "text": "User must be Admin for named query to run. No security required to clear data."
            },
            "type": "ia.display.label"
          },
          {
            "children": [
              {
                "events": {
                  "component": {
                    "onActionPerformed": {
                      "config": {
                        "script": "\tself.parent.parent.parent.getChild(\"Table\").props.data \u003d []"
                      },
                      "scope": "G",
                      "type": "script"
                    }
                  }
                },
                "meta": {
                  "name": "Clear"
                },
                "position": {
                  "basis": "80px",
                  "grow": 1
                },
                "props": {
                  "text": "Clear"
                },
                "type": "ia.input.button"
              }
            ],
            "meta": {
              "name": "FlexContainer"
            },
            "position": {
              "basis": "50px",
              "grow": 1
            },
            "props": {
              "style": {
                "padding": 8
              }
            },
            "type": "ia.container.flex"
          }
        ],
        "meta": {
          "name": "FlexContainer"
        },
        "position": {
          "basis": "80px"
        },
        "props": {
          "direction": "column"
        },
        "type": "ia.container.flex"
      },
      {
        "meta": {
          "name": "Table"
        },
        "position": {
          "basis": "400px",
          "grow": 1
        },
        "propConfig": {
          "position.display": {
            "binding": {
              "config": {
                "path": "session.props.auth.user.roles"
              },
              "transforms": [
                {
                  "code": "\ttry:\n\t\tfor item in value:\n\t\t\tif \u0027Administrator\u0027 in item:\n\t\t\t\tauth \u003d True\n\t\t\telse:\n\t\t\t\tauth \u003d False\n\t\treturn auth\n\texcept:\n\t\treturn False",
                  "type": "script"
                }
              ],
              "type": "property"
            }
          },
          "props.data": {
            "binding": {
              "config": {
                "polling": {
                  "enabled": true,
                  "rate": "3"
                },
                "queryPath": "Query"
              },
              "type": "query"
            }
          }
        },
        "props": {
          "selection": {
            "data": [
              {
                "created": 1724947124803,
                "datatype": 1,
                "id": 1,
                "querymode": 3,
                "retired": null,
                "scid": 1,
                "tagpath": "waterbug/simulator/sine/tanklevel"
              }
            ],
            "selectedColumn": "tagpath",
            "selectedRow": 0
          },
          "style": {
            "margin": "2%"
          }
        },
        "type": "ia.display.table"
      },
      {
        "meta": {
          "name": "Label"
        },
        "position": {
          "basis": "32px",
          "grow": 1
        },
        "propConfig": {
          "position.display": {
            "binding": {
              "config": {
                "path": "session.props.auth.user.roles"
              },
              "transforms": [
                {
                  "code": "\ttry:\n\t\tfor item in value:\n\t\t\tif \u0027Administrator\u0027 in item:\n\t\t\t\tauth \u003d True\n\t\t\telse:\n\t\t\t\tauth \u003d False\n\t\treturn not auth\n\texcept:\n\t\treturn True",
                  "type": "script"
                }
              ],
              "type": "property"
            }
          }
        },
        "props": {
          "text": "You do not have permission to view this table",
          "textStyle": {
            "fontWeight": "bold",
            "textAlign": "center"
          }
        },
        "type": "ia.display.label"
      }
    ],
    "meta": {
      "name": "root"
    },
    "props": {
      "direction": "column"
    },
    "type": "ia.container.flex"
  }
}