{
  "custom": {},
  "params": {},
  "props": {},
  "root": {
    "children": [
      {
        "meta": {
          "name": "PowerChart"
        },
        "position": {
          "basis": "600px",
          "grow": 1
        },
        "props": {
          "config": {
            "measureOfTime": "minutes",
            "rangeEndDate": {
              "$": [
                "ts",
                0,
                1724948366200
              ],
              "$ts": 1724948364169
            },
            "rangeStartDate": {
              "$": [
                "ts",
                0,
                1724948366200
              ],
              "$ts": 1724947766169
            },
            "unitOfTime": 10,
            "visibility": {
              "showTagBrowser": true
            }
          },
          "interaction": {
            "chartZoomLevel": 1,
            "rangeZoomLevel": 1
          },
          "pens": [
            {
              "axis": "",
              "data": {
                "aggregateMode": "default",
                "source": "histprov:BugBounty:/drv:bb_ign_backend:default:/tag:waterbug/simulator/writeable/valvestate"
              },
              "display": {
                "breakLine": true,
                "interpolation": "curveLinear",
                "radius": 3,
                "styles": {
                  "highlighted": {
                    "fill": {
                      "color": "#63BEA2",
                      "opacity": 1
                    },
                    "stroke": {
                      "color": "#63BEA2",
                      "dashArray": 0,
                      "opacity": 1,
                      "width": 1
                    }
                  },
                  "muted": {
                    "fill": {
                      "color": "#63BEA2",
                      "opacity": 0.4
                    },
                    "stroke": {
                      "color": "#63BEA2",
                      "dashArray": 0,
                      "opacity": 0.4,
                      "width": 1
                    }
                  },
                  "normal": {
                    "fill": {
                      "color": "#63BEA2",
                      "opacity": 0.8
                    },
                    "stroke": {
                      "color": "#63BEA2",
                      "dashArray": 0,
                      "opacity": 0.8,
                      "width": 1
                    }
                  },
                  "selected": {
                    "fill": {
                      "color": "#63BEA2",
                      "opacity": 1
                    },
                    "stroke": {
                      "color": "#63BEA2",
                      "dashArray": 0,
                      "opacity": 1,
                      "width": 1
                    }
                  }
                },
                "type": "line"
              },
              "enabled": true,
              "name": "valvestate",
              "plot": 0,
              "selectable": true,
              "visible": true
            },
            {
              "axis": "",
              "data": {
                "aggregateMode": "default",
                "source": "histprov:BugBounty:/drv:bb_ign_backend:default:/tag:waterbug/simulator/writeable/tankstate"
              },
              "display": {
                "breakLine": true,
                "interpolation": "curveLinear",
                "radius": 3,
                "styles": {
                  "highlighted": {
                    "fill": {
                      "color": "#FC8D62",
                      "opacity": 1
                    },
                    "stroke": {
                      "color": "#FC8D62",
                      "dashArray": 0,
                      "opacity": 1,
                      "width": 1
                    }
                  },
                  "muted": {
                    "fill": {
                      "color": "#FC8D62",
                      "opacity": 0.4
                    },
                    "stroke": {
                      "color": "#FC8D62",
                      "dashArray": 0,
                      "opacity": 0.4,
                      "width": 1
                    }
                  },
                  "normal": {
                    "fill": {
                      "color": "#FC8D62",
                      "opacity": 0.8
                    },
                    "stroke": {
                      "color": "#FC8D62",
                      "dashArray": 0,
                      "opacity": 0.8,
                      "width": 1
                    }
                  },
                  "selected": {
                    "fill": {
                      "color": "#FC8D62",
                      "opacity": 1
                    },
                    "stroke": {
                      "color": "#FC8D62",
                      "dashArray": 0,
                      "opacity": 1,
                      "width": 1
                    }
                  }
                },
                "type": "line"
              },
              "enabled": true,
              "name": "tankstate",
              "plot": 0,
              "selectable": true,
              "visible": true
            },
            {
              "axis": "",
              "data": {
                "aggregateMode": "default",
                "source": "histprov:BugBounty:/drv:bb_ign_backend:default:/tag:waterbug/simulator/writeable/pumpstate"
              },
              "display": {
                "breakLine": true,
                "interpolation": "curveLinear",
                "radius": 3,
                "styles": {
                  "highlighted": {
                    "fill": {
                      "color": "#8DA0CB",
                      "opacity": 1
                    },
                    "stroke": {
                      "color": "#8DA0CB",
                      "dashArray": 0,
                      "opacity": 1,
                      "width": 1
                    }
                  },
                  "muted": {
                    "fill": {
                      "color": "#8DA0CB",
                      "opacity": 0.4
                    },
                    "stroke": {
                      "color": "#8DA0CB",
                      "dashArray": 0,
                      "opacity": 0.4,
                      "width": 1
                    }
                  },
                  "normal": {
                    "fill": {
                      "color": "#8DA0CB",
                      "opacity": 0.8
                    },
                    "stroke": {
                      "color": "#8DA0CB",
                      "dashArray": 0,
                      "opacity": 0.8,
                      "width": 1
                    }
                  },
                  "selected": {
                    "fill": {
                      "color": "#8DA0CB",
                      "opacity": 1
                    },
                    "stroke": {
                      "color": "#8DA0CB",
                      "dashArray": 0,
                      "opacity": 1,
                      "width": 1
                    }
                  }
                },
                "type": "line"
              },
              "enabled": true,
              "name": "pumpstate",
              "plot": 0,
              "selectable": true,
              "visible": true
            },
            {
              "axis": "",
              "data": {
                "aggregateMode": "default",
                "source": "histprov:BugBounty:/drv:bb_ign_backend:default:/tag:waterbug/simulator/sine/tanklevel"
              },
              "display": {
                "breakLine": true,
                "interpolation": "curveLinear",
                "radius": 3,
                "styles": {
                  "highlighted": {
                    "fill": {
                      "color": "#E78AC3",
                      "opacity": 1
                    },
                    "stroke": {
                      "color": "#E78AC3",
                      "dashArray": 0,
                      "opacity": 1,
                      "width": 1
                    }
                  },
                  "muted": {
                    "fill": {
                      "color": "#E78AC3",
                      "opacity": 0.4
                    },
                    "stroke": {
                      "color": "#E78AC3",
                      "dashArray": 0,
                      "opacity": 0.4,
                      "width": 1
                    }
                  },
                  "normal": {
                    "fill": {
                      "color": "#E78AC3",
                      "opacity": 0.8
                    },
                    "stroke": {
                      "color": "#E78AC3",
                      "dashArray": 0,
                      "opacity": 0.8,
                      "width": 1
                    }
                  },
                  "selected": {
                    "fill": {
                      "color": "#E78AC3",
                      "opacity": 1
                    },
                    "stroke": {
                      "color": "#E78AC3",
                      "dashArray": 0,
                      "opacity": 1,
                      "width": 1
                    }
                  }
                },
                "type": "line"
              },
              "enabled": true,
              "name": "tanklevel",
              "plot": 0,
              "selectable": true,
              "visible": true
            }
          ]
        },
        "type": "ia.chart.powerchart"
      }
    ],
    "meta": {
      "name": "root"
    },
    "props": {
      "direction": "column"
    },
    "type": "ia.container.flex"
  }
}